<?xml version="1.0" encoding="UTF-8"?>
<project-private xmlns="http://www.netbeans.org/ns/project-private/1">
    <editor-bookmarks xmlns="http://www.netbeans.org/ns/editor-bookmarks/2" lastBookmarkId="0"/>
    <open-files xmlns="http://www.netbeans.org/ns/projectui-open-files/2">
        <group>
            <file>file:/C:/Users/khers/Desktop/EXPLAINED%20CODES-CPP%20and%20DS/project/DBInventory_Management/src/InsertForm.java</file>
            <file>file:/C:/Users/khers/Desktop/EXPLAINED%20CODES-CPP%20and%20DS/project/DBInventory_Management/src/SearchForm.java</file>
            <file>file:/C:/Users/khers/Desktop/EXPLAINED%20CODES-CPP%20and%20DS/project/DBInventory_Management/src/PrintForm.java</file>
            <file>file:/C:/Users/khers/Desktop/EXPLAINED%20CODES-CPP%20and%20DS/project/DBInventory_Management/src/DeleteForm.java</file>
            <file>file:/C:/Users/khers/Desktop/EXPLAINED%20CODES-CPP%20and%20DS/project/DBInventory_Management/src/coll.java</file>
            <file>file:/C:/Users/khers/Desktop/EXPLAINED%20CODES-CPP%20and%20DS/project/DBInventory_Management/src/LogInForm.java</file>
            <file>file:/C:/Users/khers/Desktop/EXPLAINED%20CODES-CPP%20and%20DS/project/DBInventory_Management/src/vensearch.java</file>
        </group>
    </open-files>
</project-private>
